[{"Unnamed: 0": 0, "Date": "2024-06-03", "Model": "ARIMA", "RMSE": 0.0158, "Forecast": 0.647204}, {"Unnamed: 0": 1, "Date": "2024-06-03", "Model": "ANN", "RMSE": 0.0139, "Forecast": 0.6527102}, {"Unnamed: 0": 2, "Date": "2024-06-03", "Model": "SARIMA", "RMSE": 0.265789, "Forecast": 0.84808008}, {"Unnamed: 0": 3, "Date": "2024-06-03", "Model": "ETS", "RMSE": 0.0110064, "Forecast": 0.64782}, {"Unnamed: 0": 4, "Date": "2024-06-03", "Model": "SVR", "RMSE": 0.01239, "Forecast": 0.64251196}, {"Unnamed: 0": 5, "Date": "2024-06-03", "Model": "Prophet", "RMSE": 0.00876, "Forecast": 0.638684}, {"Unnamed: 0": 6, "Date": "2024-06-03", "Model": "LTSM", "RMSE": 0.01, "Forecast": 0.6474151}, {"Unnamed: 0": 7, "Date": "2024-06-03", "Model": "HYBRID ARIMA", "RMSE": 0.0179, "Forecast": 0.657049}]